{"cameraMode":{"drawMode":0,"name":"Shaded","section":"Shading Mode"},"sceneLighting":true,"audioPlay":false,"sceneViewState":{"showFog":false,"showMaterialUpdate":false,"showSkybox":true,"showFlares":false,"showImageEffects":false,"showParticleSystems":false},"in2DMode":false,"pivot":{"x":15.489124298095704,"y":-0.9805906414985657,"z":40.48109436035156},"rotation":{"x":-0.1718054562807083,"y":0.8050889372825623,"z":-0.28009676933288576,"w":-0.49382495880126955},"size":15.791311264038086,"orthographic":false}