{"cameraMode":{"drawMode":0,"name":"Shaded","section":"Shading Mode"},"sceneLighting":true,"audioPlay":false,"sceneViewState":{"showFog":false,"showMaterialUpdate":false,"showSkybox":true,"showFlares":false,"showImageEffects":false,"showParticleSystems":false},"in2DMode":false,"pivot":{"x":16.2428035736084,"y":1.2568676471710206,"z":34.37267303466797},"rotation":{"x":-0.45937636494636538,"y":0.007192193530499935,"z":-0.003719744738191366,"w":-0.8882048726081848},"size":3.04864764213562,"orthographic":false}