{"cameraMode":{"drawMode":0,"name":"Shaded","section":"Shading Mode"},"sceneLighting":true,"audioPlay":false,"sceneViewState":{"showFog":false,"showMaterialUpdate":false,"showSkybox":true,"showFlares":false,"showImageEffects":false,"showParticleSystems":false},"in2DMode":false,"pivot":{"x":-26.106290817260743,"y":4.872194766998291,"z":-23.05931282043457},"rotation":{"x":-0.005124090239405632,"y":0.9635153412818909,"z":-0.26698189973831179,"w":-0.018501432612538339},"size":9.98917007446289,"orthographic":false}